<?xml version="1.0" encoding="UTF-8"?>
<configurationDescriptor version="79">
  <logicalFolder name="root" displayName="root" projectFiles="true" kind="ROOT">
    <df name="starform" root=".">
      <df name="tests">
        <df name="9c-mac-x86">
        </df>
        <df name="gcc-mac-x64">
        </df>
      </df>
      <in>accrete.c</in>
      <in>accrete.h</in>
      <in>const.h</in>
      <in>display.c</in>
      <in>display.h</in>
      <in>elements.c</in>
      <in>elements.dat</in>
      <in>elements.h</in>
      <in>enviro.c</in>
      <in>enviro.h</in>
      <in>gensys.c</in>
      <in>gensys.h</in>
      <in>starform.c</in>
      <in>steltype.c</in>
      <in>steltype.h</in>
      <in>structs.h</in>
      <in>utils.c</in>
      <in>utils.h</in>
    </df>
    <logicalFolder name="ExternalFiles"
                   displayName="Important Files"
                   projectFiles="false"
                   kind="IMPORTANT_FILES_FOLDER">
      <itemPath>Makefile</itemPath>
    </logicalFolder>
  </logicalFolder>
  <sourceFolderFilter>^(nbproject)$</sourceFolderFilter>
  <sourceRootList>
    <Elem>.</Elem>
  </sourceRootList>
  <projectmakefile>Makefile</projectmakefile>
  <confs>
    <conf name="Default" type="0">
      <toolsSet>
        <remote-sources-mode>LOCAL_SOURCES</remote-sources-mode>
        <compilerSet>default</compilerSet>
      </toolsSet>
      <makefileType>
        <makeTool>
          <buildCommandWorkingDir>.</buildCommandWorkingDir>
          <buildCommand>${MAKE} -f Makefile</buildCommand>
          <cleanCommand>${MAKE} -f Makefile clean</cleanCommand>
          <executablePath>starform</executablePath>
          <cTool>
            <preprocessorList>
              <Elem>LONG_RAND</Elem>
            </preprocessorList>
          </cTool>
        </makeTool>
      </makefileType>
    </conf>
  </confs>
</configurationDescriptor>
